city,month,month_num,P10,P50,P90
Ahmedabad,Jan,1,3.358,4.548,5.244
Ahmedabad,Feb,2,4.801,5.663,6.179
Ahmedabad,Mar,3,5.426,6.467,6.951
Ahmedabad,Apr,4,6.331,7.217,7.551
Ahmedabad,May,5,6.338,7.405,7.803
Ahmedabad,Jun,6,4.288,6.305,7.502
Ahmedabad,Jul,7,2.888,4.642,5.935
Ahmedabad,Aug,8,2.5,4.003,5.398
Ahmedabad,Sep,9,2.976,4.851,6.016
Ahmedabad,Oct,10,4.554,5.519,6.169
Ahmedabad,Nov,11,3.734,4.491,5.1
Ahmedabad,Dec,12,3.238,4.131,4.632
Bengaluru,Jan,1,3.805,5.432,6.172
Bengaluru,Feb,2,5.318,6.429,7.013
Bengaluru,Mar,3,5.613,6.799,7.392
Bengaluru,Apr,4,5.545,6.638,7.558
Bengaluru,May,5,4.434,6.122,6.931
Bengaluru,Jun,6,4.4,5.549,6.624
Bengaluru,Jul,7,3.166,4.61,5.778
Bengaluru,Aug,8,3.571,4.823,5.999
Bengaluru,Sep,9,3.991,4.942,5.803
Bengaluru,Oct,10,3.542,4.799,5.852
Bengaluru,Nov,11,2.62,4.232,5.494
Bengaluru,Dec,12,2.581,4.348,5.588
Bhopal,Jan,1,2.16,4.29,5.003
Bhopal,Feb,2,4.251,5.46,6.024
Bhopal,Mar,3,4.755,6.338,6.975
Bhopal,Apr,4,5.495,7.008,7.577
Bhopal,May,5,6.034,6.982,7.855
Bhopal,Jun,6,3.64,5.866,7.109
Bhopal,Jul,7,1.9,4.427,6.29
Bhopal,Aug,8,1.788,3.609,5.212
Bhopal,Sep,9,2.305,4.358,5.7
Bhopal,Oct,10,3.852,5.208,5.917
Bhopal,Nov,11,3.802,4.355,4.884
Bhopal,Dec,12,2.168,3.945,4.649
Bhubaneswar,Jan,1,2.548,3.94,4.649
Bhubaneswar,Feb,2,3.549,5.122,5.75
Bhubaneswar,Mar,3,4.219,5.543,6.344
Bhubaneswar,Apr,4,4.933,6.136,6.768
Bhubaneswar,May,5,4.642,6.282,7.037
Bhubaneswar,Jun,6,2.865,5.146,6.484
Bhubaneswar,Jul,7,2.383,4.28,5.925
Bhubaneswar,Aug,8,2.155,4.225,5.534
Bhubaneswar,Sep,9,2.541,4.406,5.631
Bhubaneswar,Oct,10,2.808,4.807,5.605
Bhubaneswar,Nov,11,3.107,4.292,4.848
Bhubaneswar,Dec,12,2.419,3.842,4.398
Chandigarh,Jan,1,1.332,2.718,4.248
Chandigarh,Feb,2,2.934,4.596,5.475
Chandigarh,Mar,3,3.056,5.905,6.611
Chandigarh,Apr,4,4.861,6.966,7.577
Chandigarh,May,5,5.116,7.196,8.203
Chandigarh,Jun,6,5.041,7.095,7.971
Chandigarh,Jul,7,3.106,5.52,6.886
Chandigarh,Aug,8,3.634,5.72,6.687
Chandigarh,Sep,9,3.451,5.569,6.375
Chandigarh,Oct,10,4.504,5.233,5.829
Chandigarh,Nov,11,2.647,4.095,4.597
Chandigarh,Dec,12,1.665,3.546,3.977
Chennai,Jan,1,3.761,5.002,5.502
Chennai,Feb,2,5.179,5.768,6.315
Chennai,Mar,3,5.584,6.34,6.85
Chennai,Apr,4,5.921,6.606,7.04
Chennai,May,5,4.124,6.125,6.69
Chennai,Jun,6,3.259,5.684,6.46
Chennai,Jul,7,2.77,4.816,6.324
Chennai,Aug,8,2.858,5.297,6.246
Chennai,Sep,9,2.712,5.2,6.256
Chennai,Oct,10,2.769,5.06,5.902
Chennai,Nov,11,1.511,4.093,5.24
Chennai,Dec,12,2.416,4.278,4.98
Delhi,Jan,1,1.342,2.693,4.112
Delhi,Feb,2,3.031,4.418,5.313
Delhi,Mar,3,3.919,5.656,6.389
Delhi,Apr,4,5.566,6.719,7.265
Delhi,May,5,5.228,6.691,7.674
Delhi,Jun,6,4.442,6.422,7.219
Delhi,Jul,7,3.043,4.87,6.21
Delhi,Aug,8,3.182,4.777,6.026
Delhi,Sep,9,2.988,4.866,5.707
Delhi,Oct,10,3.708,4.716,5.479
Delhi,Nov,11,2.541,3.348,4.017
Delhi,Dec,12,1.732,3.078,3.788
Guwahati,Jan,1,2.542,3.74,4.23
Guwahati,Feb,2,2.735,4.138,5.018
Guwahati,Mar,3,3.17,5.069,6.025
Guwahati,Apr,4,2.904,5.664,6.583
Guwahati,May,5,2.502,4.948,6.624
Guwahati,Jun,6,1.937,4.335,6.086
Guwahati,Jul,7,2.238,4.521,6.088
Guwahati,Aug,8,3.117,4.741,6.09
Guwahati,Sep,9,2.737,4.616,5.877
Guwahati,Oct,10,2.34,4.357,5.277
Guwahati,Nov,11,3.327,4.311,4.757
Guwahati,Dec,12,2.807,3.677,4.129
Hyderabad,Jan,1,3.451,4.567,5.313
Hyderabad,Feb,2,4.461,5.804,6.395
Hyderabad,Mar,3,5.093,6.141,6.756
Hyderabad,Apr,4,5.358,6.328,6.986
Hyderabad,May,5,5.16,6.414,7.241
Hyderabad,Jun,6,3.891,5.467,6.772
Hyderabad,Jul,7,1.877,4.455,5.862
Hyderabad,Aug,8,2.622,4.75,5.876
Hyderabad,Sep,9,2.741,4.436,5.762
Hyderabad,Oct,10,3.712,5.003,5.92
Hyderabad,Nov,11,3.135,4.621,5.265
Hyderabad,Dec,12,2.922,4.306,5.014
Jaipur,Jan,1,2.293,4.031,4.823
Jaipur,Feb,2,4.322,5.196,5.75
Jaipur,Mar,3,4.73,6.044,6.731
Jaipur,Apr,4,5.606,6.853,7.358
Jaipur,May,5,5.988,6.949,7.624
Jaipur,Jun,6,4.654,6.437,7.457
Jaipur,Jul,7,2.923,5.358,6.571
Jaipur,Aug,8,2.833,4.626,6.129
Jaipur,Sep,9,3.573,5.055,5.977
Jaipur,Oct,10,4.07,5.081,5.781
Jaipur,Nov,11,3.159,3.97,4.594
Jaipur,Dec,12,2.692,3.841,4.298
Kochi,Jan,1,4.552,5.856,6.308
Kochi,Feb,2,5.581,6.453,6.921
Kochi,Mar,3,5.81,6.73,7.18
Kochi,Apr,4,5.193,6.492,7.062
Kochi,May,5,2.82,5.482,6.265
Kochi,Jun,6,3.055,4.986,6.074
Kochi,Jul,7,2.719,4.6,5.831
Kochi,Aug,8,2.906,4.895,6.345
Kochi,Sep,9,3.41,5.052,6.32
Kochi,Oct,10,3.539,5.161,6.178
Kochi,Nov,11,3.22,4.941,5.788
Kochi,Dec,12,3.456,5.217,5.922
Kolkata,Jan,1,2.26,3.598,4.268
Kolkata,Feb,2,2.904,4.557,5.185
Kolkata,Mar,3,3.755,5.265,6.124
Kolkata,Apr,4,4.375,5.986,6.616
Kolkata,May,5,3.846,5.958,6.86
Kolkata,Jun,6,2.632,4.767,6.284
Kolkata,Jul,7,3.033,4.75,5.72
Kolkata,Aug,8,2.182,4.054,5.402
Kolkata,Sep,9,2.042,4.387,5.365
Kolkata,Oct,10,2.582,4.429,5.131
Kolkata,Nov,11,3.174,4.074,4.719
Kolkata,Dec,12,2.325,3.458,3.905
Mangalore,Jan,1,4.462,5.501,5.966
Mangalore,Feb,2,5.531,6.172,6.653
Mangalore,Mar,3,5.79,6.561,6.98
Mangalore,Apr,4,5.562,6.713,7.112
Mangalore,May,5,3.027,5.918,6.812
Mangalore,Jun,6,2.162,4.215,6.087
Mangalore,Jul,7,1.435,3.732,5.905
Mangalore,Aug,8,2.226,4.884,6.318
Mangalore,Sep,9,3.032,5.248,6.294
Mangalore,Oct,10,3.067,5.155,6.084
Mangalore,Nov,11,3.418,4.976,5.632
Mangalore,Dec,12,3.915,4.987,5.596
Mumbai,Jan,1,3.873,4.798,5.267
Mumbai,Feb,2,5.1,5.688,6.291
Mumbai,Mar,3,5.484,6.524,6.969
Mumbai,Apr,4,6.12,6.884,7.332
Mumbai,May,5,6.198,7.132,7.567
Mumbai,Jun,6,2.666,5.518,6.741
Mumbai,Jul,7,1.626,3.5,5.646
Mumbai,Aug,8,1.627,4.31,5.854
Mumbai,Sep,9,2.318,4.359,5.802
Mumbai,Oct,10,3.986,5.217,5.835
Mumbai,Nov,11,3.992,4.544,5.144
Mumbai,Dec,12,3.451,4.146,4.759
Pune,Jan,1,4.052,4.937,5.427
Pune,Feb,2,5.184,5.775,6.406
Pune,Mar,3,5.225,6.566,7.161
Pune,Apr,4,5.933,6.865,7.529
Pune,May,5,5.422,6.957,7.711
Pune,Jun,6,2.754,4.962,6.462
Pune,Jul,7,1.75,3.089,4.774
Pune,Aug,8,2.056,3.485,4.882
Pune,Sep,9,2.401,3.723,5.323
Pune,Oct,10,3.238,5.019,5.761
Pune,Nov,11,3.762,4.668,5.239
Pune,Dec,12,3.479,4.39,4.861
